Continent,Facebook,Pinterest,Twitter,reddit,YouTube,Tumblr,LinkedIn,Instagram,VKontakte,Sina Weibo,Fark,Vimeo
United States of America ,53.74,21.2,13.4,3.92,3.84,1.25,1.15,0,0,0,0,0
Ireland ,95.43,1.35,1.74,0,0,0,0,0,0,0,0,0
Brazil ,7.1,66.91,3.5,3.55,13.96,1.02,1.37,2.32,0,0,0,0
Sweden ,90.97,3.15,2.2,1.47,1.2,0,0,0,0,0,0,0
Hungary ,92.88,3.56,0,0,1.46,0,0,0,0,0,0,0
Thailand ,10.48,5.96,72.01,2.4,5.53,0,2.51,0,0,0,0,0
Philippines ,24.07,9.5,2.67,3.45,58.88,0,0,0,0,0,0,0
Canada ,29.05,38.8,15.05,7.59,4.1,1.51,1.61,1.4,0,0,0,0
Germany ,11.17,18.72,53.15,5.15,5.7,1.86,2.03,1.77,0,0,0,0
Bulgaria ,84.06,2.28,3.04,1.09,8.22,0,0,0,0,0,0,0
France ,44.67,26.28,11.41,4.43,8.14,1.51,1.45,1.54,0,0,0,0
United Kingdom ,23.19,26.55,23.3,9.3,7.03,2.87,5.42,1.92,0,0,0,0
Japan ,3.7,11.98,45.98,2.67,31.21,0,2.44,1.28,0,0,0,0
India ,7.92,18.68,18.45,6.89,29.99,1.18,14.05,2.63,0,0,0,0
Australia ,20.96,36.91,21.85,8.82,5.83,1.99,1.67,1.68,0,0,0,0
Spain ,39.1,23.57,16.9,5.27,8.12,1.44,3.71,1.67,0,0,0,0
Romania ,55.7,6.91,5.08,3.09,15.73,0,1.31,11.68,0,0,0,0
Mexico ,27.69,35.99,13.74,3.51,15.29,0,1.08,1.67,0,0,0,0
Nepal ,76.67,1.41,11.5,1.58,5.97,0,2.59,0,0,0,0,0
Indonesia ,6.29,19.03,11.75,1.95,50.98,1.12,5.09,2.96,0,0,0,0
Greece ,69.77,13.32,9.34,2.18,2.66,0,0,0,0,0,0,0
Argentina ,19.21,34.22,6.3,3.68,22.44,1.2,9.73,3.14,0,0,0,0
Peru ,16.71,60.94,3.37,2.15,14.25,0,0,1.31,0,0,0,0
Netherlands ,25.93,33.4,21.01,7.14,5.27,1.96,3.03,1.71,0,0,0,0
Pakistan ,49.89,9.46,17.35,3.48,13.22,0,4.2,2.07,0,0,0,0
Colombia ,14.22,50.57,7.2,2.82,19.54,0,1.18,3.71,0,0,0,0
Italy ,28.58,24.21,24,6.99,9.28,1.6,3.12,1.99,0,0,0,0
Chile ,8.8,53.61,17.1,4.07,11.43,1.39,1.64,1.87,0,0,0,0
Bangladesh ,12.42,3.92,53.06,3.07,21.62,0,3.82,1.78,0,0,0,0
South Korea ,4.17,16.84,36.5,2.91,36.48,0,1.05,1.12,0,0,0,0
Belgium ,44,31.83,8.21,4.66,5.53,1.45,2.61,1.46,0,0,0,0
Hong Kong ,38.29,8.84,38.96,2.41,8.32,0,1.2,0,0,0,0,0
Jordan ,81.25,2.86,5.18,0,6.29,0,2.61,1,0,0,0,0
South Africa ,31.63,43.59,7.66,3.02,8.12,1.23,3.41,1.18,0,0,0,0
Poland ,30.48,24.68,14.01,10.12,11.41,3.28,2.47,3.15,0,0,0,0
Seychelles ,71.47,0,27.58,0,0,0,0,0,0,0,0,0
Russian Federation ,17.8,20.8,6.57,7.79,10.05,3.32,3.49,1.14,28.92,0,0,0
Ecuador ,8.95,60,2.8,1.66,20.39,0,4.22,1.49,0,0,0,0
Switzerland ,15.13,25.29,42.6,5.44,5.4,2.04,2.14,1.41,0,0,0,0
Turkey ,18.79,18.05,22.13,6.15,21.15,1.68,3.81,7.81,0,0,0,0
Egypt ,38.95,11.27,8.35,3.41,30.71,0,4.02,2.68,0,0,0,0
New Zealand ,24.37,40.69,18.95,7.52,4.38,1.63,1.31,0,0,0,0,0
Morocco ,26.27,9.62,9.98,3.17,45.53,0,2.4,2.56,0,0,0,0
Vietnam ,26.95,19.68,25.18,5.51,14.53,1.32,4.4,2.08,0,0,0,0
Slovakia (Slovak Republic) ,56.1,17.42,11.39,3.5,7.57,0,2.52,0,0,0,0,0
Malaysia ,24.88,36.5,16.05,7.51,9.67,1.06,1.77,1.28,1.18,0,0,0
Singapore ,14.16,16.03,30.95,13.8,8.68,1.01,11.18,3.65,0,0,0,0
Taiwan ,28.62,13.44,31.51,8.03,7.12,0,7.62,3,0,0,0,0
Iraq ,5,6.02,5.58,2,78.65,0,0,1.94,0,0,0,0
Tunisia ,58.82,7.07,15.08,2.45,10.01,0,5.09,1.3,0,0,0,0
Saudi Arabia ,13.42,14.89,35.08,4.08,22.98,1.56,6.44,1.5,0,0,0,0
Portugal ,28.76,25.7,18.79,9.62,10.18,2.16,2.12,2.34,0,0,0,0
Norway ,35.1,36.42,10.07,7.81,5.17,1.37,1.07,1.21,1.45,0,0,0
Bermuda ,17.13,4.45,72.18,3.11,0,0,0,1.25,0,0,0,0
Denmark ,39.56,31.01,7.5,8.79,6.69,2.49,2.07,1.46,0,0,0,0
Austria ,18.5,26.09,35.13,7.07,7.38,1.79,2.15,1.52,0,0,0,0
Macedonia ,82.13,5.88,6.07,2.15,2.09,0,0,0,0,0,0,0
Serbia ,50.29,14.93,9.78,8.3,8.29,1.27,4.16,2.66,0,0,0,0
Czech Republic ,23.06,28.07,20.67,7.35,15.24,1.78,1.78,1.64,0,0,0,0
Guatemala ,5.86,53.9,2.54,1.49,34.68,0,0,0,0,0,0,0
Algeria ,32.87,11.92,6.74,3.86,38.54,0,2.52,2.85,0,0,0,0
Ukraine ,18.69,24.28,14.18,8.01,21.62,2.58,4.33,4.58,1.61,0,0,0
Nigeria ,37.99,10.87,16.7,1.92,26.94,0,3.11,2.01,0,0,0,0
Estonia ,55.87,14.79,17.89,4.87,3.47,0,0,0,0,0,0,0
Venezuela ,9.09,47.85,4.67,4.68,28.53,1.02,1.07,3.02,0,0,0,0
United Arab Emirates ,14.19,27.95,26.47,6.8,16.93,0,4.24,1.92,0,0,0,0
Costa Rica ,19.61,57.51,8.12,2.92,8.13,1.04,1.35,1.24,0,0,0,0
Madagascar ,86.12,4.01,5.96,0,2.84,0,0,0,0,0,0,0
Finland ,32.39,21.47,11.29,10.93,9.1,4.39,2.92,2.14,4.62,0,0,0
Bolivia ,15.95,56.49,2.51,2.41,20.78,0,0,0,0,0,0,0
Israel ,25.33,29.4,20.56,6.65,12.21,1.44,2.21,1.7,0,0,0,0
Palestinian Territory ,81.13,5.08,1.6,0,9.69,0,0,1.13,0,0,0,0
Kenya ,10.1,19.02,18.12,3.11,43.25,0,3.85,2.09,0,0,0,0
 ,36.36,9.09,45.45,5.56,9.09,1.66,4.2,1.66,0,0,1.47,0
Bahamas ,26.36,11.84,56.39,1.99,1.91,0,0,0,0,0,0,0
Kuwait ,8.01,11.82,4.74,3.05,12.95,1.59,56.07,1.67,0,0,0,0
Panama ,5.63,64.89,11.7,3.01,10.13,0,0,2.85,0,0,0,0
Trinidad and Tobago ,10.58,28.8,3.56,3.34,49.61,1.31,1.29,1.43,0,0,0,0
Puerto Rico ,13.76,50.73,15.14,3.98,7.12,7.35,0,1.18,0,0,0,0
Honduras ,6.47,69.98,3.85,2.19,15.08,0,0,0,0,0,0,0
Lithuania ,36.63,26.95,10.19,10.47,7.74,2,3.92,1.56,0,0,0,0
Sri Lanka ,13.84,26.2,6.33,5.35,43.39,0,2.82,1.04,0,0,0,0
Uruguay ,28.18,40.52,7.23,5.22,10.87,2.08,0,4.98,0,0,0,0
Malta ,61.1,19.78,5.62,3.67,2.91,1.53,4.5,0,0,0,0,0
Dominican Republic ,10.47,31.63,13.58,4.49,32.9,0,1.84,3.79,0,0,0,0
Croatia ,34.32,29.96,7.55,10.5,11.54,2.61,1.61,1.39,0,0,0,0
Latvia ,30.2,18.77,32.85,7.01,5.9,1.35,2.49,1.01,0,0,0,0
Senegal ,64.99,7.17,13.94,1.3,10.51,0,0,0,0,0,0,0
Slovenia ,36.46,30.61,12.5,7.98,7.79,1.75,1.21,1.3,0,0,0,0
El Salvador ,10.78,54.32,6.96,4.28,19.79,0,1.12,1.95,0,0,0,0
Georgia ,48.9,15.7,5.53,8.76,10.18,1.14,6.42,2.71,0,0,0,0
Albania ,54.4,12.57,16.45,7.17,4.49,0,2.24,1.61,0,0,0,0
Jamaica ,4.95,54.43,6.51,3.53,25.25,1.59,0,3.18,0,0,0,0
Cambodia ,31.25,22.94,9.57,3.56,28.07,0,2.08,1.67,0,0,0,0
Paraguay ,20.26,39.11,18.17,4.39,13.32,0,0,2.88,0,0,0,0
Lao Peoples Democratic Republic ,11.1,6.89,19.48,1.49,58.51,0,1.52,0,0,0,0,0
Reunion ,53.77,32.36,2.97,2.08,5.76,1.21,0,0,0,0,0,0
China ,15.77,22.78,40.72,4.29,8.23,0,2,2.21,0,1.58,0,0
Mongolia ,55.16,25.69,4.27,4.98,6.7,0,1.25,1.13,0,0,0,0
Qatar ,19.87,32.05,20.67,5.92,14.21,1.13,4.24,1.66,0,0,0,0
Cyprus ,31.42,26.44,15.97,8.02,8.93,0,5.42,2.44,0,0,0,0
Ghana ,9.27,29.58,9.24,3.67,41.04,0,4.41,2.12,0,0,0,0
Cote dIvoire ,49.81,19.89,14.19,1.78,10.61,1.18,2.13,0,0,0,0,0
Bosnia and Herzegovina ,42.63,19.41,10.85,10,12.47,1.01,1.58,1.75,0,0,0,0
Moldova ,36.97,21.38,21.5,5.05,9.39,1.04,1.02,2.06,1.52,0,0,0
Lebanon ,16.93,34.05,17.43,5.81,19.18,0,2.65,3.38,0,0,0,0
Yemen ,59.97,1.31,16.62,0,19.78,0,0,1.39,0,0,0,0
Iceland ,38.74,27.76,15.08,7.6,4.15,3.5,1.3,0,0,0,0,0
Belarus ,6.05,25.81,21.76,9.29,17.09,2.64,7.01,1.58,8.48,0,0,0
Oman ,8.86,31.72,27.98,4.66,21.36,0,2.47,2.52,0,0,0,0
Nicaragua ,13.84,44.83,5.99,3.81,28.72,0,1.03,1.13,0,0,0,0
Kazakhstan ,3.46,33.81,10.52,13.05,25.91,2.22,3.04,0,6.88,0,0,0
Mauritius ,49.88,27.18,5.89,6.37,7.02,0,1.81,0,0,0,0,0
Barbados ,17.56,62.13,3.49,3.14,7.72,1.28,0,3.65,0,0,0,0
Myanmar ,3.9,56.68,1.5,6.94,24.68,2.62,2.52,0,0,0,0,0
Maldives ,9.36,73.63,2.52,5.64,5.67,0,1.41,0,0,0,0,0
Bahrain ,7.69,41.25,12.95,7.15,23.8,0,2.74,3.05,0,0,0,0
New Caledonia ,67.54,26.14,2.66,0,1.44,0,0,0,0,0,0,0
Macao ,6.85,15.98,68.5,2.97,3.95,0,0,0,0,0,0,0
Luxembourg ,26.7,25.14,26.72,8.02,6.41,1.46,2.7,2.07,0,0,0,0
Syrian Arab Republic ,38.59,8.19,6.71,2,42.06,0,1.07,1.26,0,0,0,0
Zimbabwe ,23.34,42.71,9.1,3.11,16.97,0,3.28,0,0,0,0,0
Libya ,20.88,9.98,19.34,7,32.11,0,6.99,3.22,0,0,0,0
Armenia ,40.99,20.67,9.41,7.7,8.26,0,7.6,2.69,1.71,0,0,0
Cameroon ,43.89,9.55,25.45,3.22,11.12,0,5.29,1.33,0,0,0,0
Uganda ,3.41,37.5,21.29,3.82,27.52,0,4.02,2.01,0,0,0,0
Papua New Guinea ,10.18,19.63,1.46,1.08,65.38,0,2.02,0,0,0,0,0
Namibia ,12.82,62.84,6.24,3.81,8.27,0,3.41,1.69,0,0,0,0
Brunei Darussalam ,5.29,65.35,5.36,10.18,7.29,0,0,4.89,0,0,0,0
Uzbekistan ,5.1,42.64,8.26,8.57,23.14,0,6.2,3.28,2.06,0,0,0
Azerbaijan ,9.01,36.97,8.47,8.49,28.17,0,3.95,2.68,1.19,0,0,0
Belize ,10.18,48.89,32.89,2.61,3.25,1.05,0,0,0,0,0,0
Guadeloupe ,29.64,52.66,4.41,2.61,7.68,1.5,0,0,0,0,0,0
Martinique ,35.8,51.88,2.41,1.05,5.56,2.28,0,0,0,0,0,0
Burkina Faso ,69.34,7.43,13.6,1.44,6.17,0,1.06,0,0,0,0,0
Ethiopia ,19.72,21.98,9.28,4.66,30.85,0,10.59,1.96,0,0,0,0
Burundi ,89.83,2.2,4.93,0,1.9,0,0,0,0,0,0,0
French Polynesia ,67.01,20.52,6.98,1.17,2.88,0,0,0,0,0,0,0
Tanzania ,11.01,28.47,10.62,5.19,36.11,0,5.46,3.02,0,0,0,0
Montenegro ,41.36,20.6,12.16,9.65,7.92,1.86,3.65,1.92,0,0,0,0
Benin ,57.62,11.35,16.52,2.43,9.15,0,2.01,0,0,0,0,0
Zambia ,37.16,30.98,6.65,3.97,14.78,0,3.97,1.67,0,0,0,0
Guyana ,10.63,60.92,9.52,2.7,10.63,2.96,1.22,1.37,0,0,0,0
Iran ,2.86,38.53,6.05,7.89,12.56,0,27.98,3.43,0,0,0,0
democratic republic of the congo,45.21,22.3,16.45,1.91,10.61,0,2.65,0,0,0,0,0
Sudan ,14.78,2.59,56.43,0,23.17,0,0,1.49,0,0,0,0
Botswana ,26.28,44.85,6.72,4.13,10.58,0,5.45,1.27,0,0,0,0
Angola ,16.37,31.29,14.85,3.86,25.46,2.03,2.25,3.61,0,0,0,0
Togo ,45.79,11.7,14.54,2.55,16.7,0,6.12,1.81,0,0,0,0
American Samoa ,25.83,14.87,52.19,4.5,1.6,0,0,0,0,0,0,0
Congo (Republic of the),48.15,24.77,13.08,1.04,10.53,1.1,0,0,0,0,0,0
Malawi ,45.73,32.17,3.28,2.66,10.74,0,3.73,0,0,0,0,0
Mozambique ,25.91,28.84,10.69,4.64,25.04,0,3.37,0,0,0,0,0
Jersey ,21.04,40.91,18.25,4.9,7.32,2.23,4.78,0,0,0,0,0
Guam ,13.75,51.69,7.54,12.1,10.21,3.61,0,0,0,0,0,0
Kyrgyz Republic ,10.48,37.81,20.79,7.66,13.96,0,5.18,1.53,1.47,0,0,0
French Guiana ,32.63,50,3.46,2.91,8.18,0,1.42,0,0,0,0,0
Cuba ,26.24,24.69,11.46,4.96,28.19,0,0,3,0,0,0,0
Saint Lucia ,26.63,49.27,4.23,4.56,11.48,1.55,0,1.63,0,0,0,0
Gabon ,33.33,36.63,9.46,2.44,14.71,1.28,1.4,0,0,0,0,0
Cayman Islands ,9.47,41.64,27.02,6.89,6.69,0,5.15,1.46,0,0,0,0
Rwanda ,18.66,28.84,16.75,3.56,21.41,0,6.97,2.81,0,0,0,0
Andorra ,34.91,18.31,28.83,6.81,5.47,0,2.8,2.07,0,0,0,0
Mali ,52.43,25.53,7.62,2.66,9.46,0,1.38,0,0,0,0,0
Fiji ,27.36,54.34,5.2,4.24,5.11,0,2.6,0,0,0,0,0
Antigua and Barbuda ,41.39,41.69,2.82,1.07,7.09,0,0,4.57,0,0,0,0
Haiti ,46.43,21.67,11.78,2.06,15.91,0,0,1.12,0,0,0,0
Faroe Islands ,47.99,25.51,8.33,3.58,7.34,0,0,4.83,0,0,0,0
Somalia ,12.12,19.9,9.46,4.14,48.97,0,4.63,0,0,0,0,0
Aruba ,26.69,46.07,8.05,6.27,8.99,0,1.97,1.22,0,0,0,0
Chad ,80.89,5.93,8.9,0,3.46,0,0,0,0,0,0,0
Guernsey ,15.96,42.47,26.06,5.68,5.86,1.98,1.35,0,0,0,0,0
Saint Pierre and Miquelon ,77.55,15.31,4.59,1.02,0,0,0,0,0,0,0,0
Isle of Man ,30.62,31.81,14.19,6.65,10.9,1.42,3.73,0,0,0,0,0
Grenada ,16.18,39.48,7.2,8.33,9.73,2.15,12.63,4.21,0,0,0,0
Monaco ,24.34,18.47,41.97,3.78,4.09,0,1.78,3.78,0,0,0,0
Cape Verde ,16.93,56.05,3.27,4.84,14.08,1.71,1.85,1.28,0,0,0,0
Suriname ,23.18,44.87,2.31,6.57,16.96,2.31,1.96,1.73,0,0,0,0
Saint Kitts and Nevis ,33.62,53.16,3.16,2.01,5.17,0,0,1.87,0,0,0,0
Saint Vincent and the Grenadines ,10.71,65,3.04,3.39,12.68,2.14,0,2.14,0,0,0,0
Dominica ,15.72,63.45,4.36,3.22,8.52,1.7,1.33,1.7,0,0,0,0
Guinea ,53.53,14.94,15.93,3.12,10.67,0,1.15,0,0,0,0,0
British Virgin Islands ,9.16,64.36,6.52,2.04,12.83,2.65,0,0,0,0,0,0
Afghanistan ,25.3,22.24,13.41,7.81,24.62,0,2.72,1.7,1.7,0,0,0
Swaziland ,14.35,65.12,2.43,2.21,8.83,1.55,5.08,0,0,0,0,0
Turks and Caicos Islands ,17.38,53.97,8.87,2.96,13.86,0,0,1.11,0,0,0,0
Niger ,61.39,7.81,20.68,2.32,6.54,0,1.05,0,0,0,0,0
Lesotho ,44.27,27.69,6.84,2.22,7.52,1.03,9.91,0,0,0,0,0
Mauritania ,44.77,12.82,6.68,3.61,29.42,0,1.62,0,0,0,0,0
Vanuatu ,52.78,31.84,5.98,1.5,6.62,0,0,0,0,0,0,0
Gibraltar ,32.35,26.85,23.89,4.16,5.37,2.15,2.95,1.74,0,0,0,0
Timor-Leste ,42.91,16.77,3.59,1.2,12.97,0,22.16,0,0,0,0,0
Sierra Leone ,21.32,44.56,7.25,1.28,20.9,0,3.2,0,0,0,0,0
Mayotte ,18.03,63.61,1.97,2.95,9.84,1.31,0,2.3,0,0,0,0
Comoros ,80.08,4.98,7.88,0,5.39,0,1.24,0,0,0,0,0
Liechtenstein ,18.64,31.86,20.68,7.63,7.63,2.37,2.88,7.29,0,0,0,1.02
Gambia ,39.55,22.05,12.73,2.27,19.77,0,2.73,0,0,0,0,0
Greenland ,24.55,44.19,9.3,9.56,6.46,0,2.07,3.62,0,0,0,0
Northern Mariana Islands ,16.85,61.42,3.37,10.49,7.12,0,0,0,0,0,0,0
Liberia ,33.24,43.13,3.02,1.92,14.56,0,3.02,0,0,0,0,0
Solomon Islands ,49.02,28.76,8.5,1.96,7.84,0,3.27,0,0,0,0,0
Anguilla ,14.22,50.86,23.28,2.59,6.9,0,0,1.29,0,0,0,0
Tajikistan ,15.84,21.81,8.44,10.08,19.14,0,15.02,4.73,4.32,0,0,0
Samoa ,55.91,32.8,1.08,1.61,2.15,0,5.91,0,0,0,0,0
Micronesia ,39.06,48.44,4.17,0,6.25,0,1.56,0,0,0,0,0
Tonga ,49.73,43.32,3.21,0,1.07,0,2.14,0,0,0,0,0
Djibouti ,43,32,7.5,3.5,10,0,4,0,0,0,0,0
Bhutan ,26.56,42.19,2.08,11.46,15.1,0,2.08,0,0,0,0,0
Kiribati ,27.1,63.55,2.8,2.8,3.74,0,0,0,0,0,0,0
Palau ,38.78,52.04,4.08,1.02,2.04,1.02,1.02,0,0,0,0,0
San Marino ,28.47,35.77,6.57,10.95,10.22,0,4.38,2.92,0,0,0,0
Central African Republic ,69.57,7.25,11.59,0,8.7,0,2.9,0,0,0,0,0
Saint Martin ,23.68,30.26,22.37,1.97,15.79,1.97,0,2.63,0,0,0,0
Montserrat ,25.64,55.13,5.13,6.41,6.41,0,0,1.28,0,0,0,0
Cook Islands ,29.7,39.6,7.92,6.93,0,0,11.88,2.97,0,0,0,0
Equatorial Guinea ,33.33,34.23,9.91,6.31,13.51,0,1.8,0,0,0,0,0
Saint Barthelemy ,8,2,74,4,12,0,0,0,0,0,0,0
Falkland Islands (Malvinas) ,78.26,8.7,6.52,2.17,2.17,0,2.17,0,0,0,0,0
Marshall Islands ,57.63,30.51,5.08,1.69,5.08,0,0,0,0,0,0,0
Sao Tome and Principe ,23.19,46.38,0,2.9,23.19,0,1.45,2.9,0,0,0,0
Turkmenistan ,2.08,62.5,16.67,8.33,10.42,0,0,0,0,0,0,0
Holy See (Vatican City State) ,66.67,2.38,23.81,4.76,2.38,0,0,0,0,0,0,0
Guinea-Bissau ,36.67,45,1.67,0,11.67,0,5,0,0,0,0,0
Wallis and Futuna ,83.33,8.33,0,4.17,4.17,0,0,0,0,0,0,0
Tuvalu ,51.52,45.45,0,0,3.03,0,0,0,0,0,0,0
Norfolk Island ,9.52,80.95,9.52,0,0,0,0,0,0,0,0,0
Eritrea ,59.09,9.09,0,0,0,22.73,9.09,0,0,0,0,0
Nauru ,29.41,58.82,0,0,0,0,11.76,0,0,0,0,0
Niue ,85.71,0,0,14.29,0,0,0,0,0,0,0,0
Tokelau ,0,0,80,20,0,0,0,0,0,0,0,0
Saint Helena ,100,0,0,0,0,0,0,0,0,0,0,0
